SEASON,games,both_rested,away_only_b2b,n_away_only,home_only_b2b,n_home_only,gap_away_b2b,gap_home_b2b
2012-13,1278,0.6189889025893958,0.6201298701298701,308,0.5714285714285714,70,0.0011409675404743247,-0.047560331160824365
2013-14,1301,0.558303886925795,0.6605839416058394,274,0.4861111111111111,72,0.10228005468004442,-0.07219277581468392
2014-15,1289,0.5839506172839506,0.5728155339805825,309,0.5324675324675324,77,-0.011135083303368098,-0.05148308481641817
2015-16,1297,0.5914489311163895,0.6206896551724138,290,0.5555555555555556,90,0.029240724056024292,-0.03589337556083394
2016-17,1285,0.5790080738177624,0.640625,256,0.4725274725274725,91,0.061616926182237575,-0.10648060129028991
2017-18,1293,0.5700218818380745,0.6410256410256411,234,0.5913978494623656,93,0.07100375918756663,0.02137596762429117
2018-19,1293,0.5665961945031712,0.6820512820512821,195,0.5686274509803921,102,0.11545508754811085,0.0020312564772209107
2019-20,952,0.552821997105644,0.5540540540540541,148,0.5,82,0.0012320569484101096,-0.05282199710564395
2020-21,1141,0.5305851063829787,0.6,170,0.5328947368421053,152,0.06941489361702124,0.002309630459126577
2021-22,1306,0.5608180839612487,0.5771144278606966,201,0.38461538461538464,130,0.016296343899447896,-0.17620269934586402
2022-23,1302,0.5721757322175732,0.6557377049180327,183,0.5185185185185185,108,0.08356197270045951,-0.05365721369905474
2023-24,1174,0.5540865384615384,0.6274509803921569,153,0.4460431654676259,139,0.07336444193061842,-0.10804337299391253
2024-25,1299,0.5543478260869565,0.6139240506329114,158,0.46,150,0.0595762245459549,-0.09434782608695652
2025-26,534,0.5706666666666667,0.5223880597014925,67,0.45161290322580644,62,-0.048278606965174165,-0.11905376344086022
