season,table,rows,matched,win_margin_agrees
2012-13,odds_2012-13_new,1314,1314,0.9984779299847792
2013-14,odds_2013-14_new,1319,1319,0.9984836997725549
2014-15,odds_2014-15_new,1311,1311,0.9992372234935164
2015-16,odds_2015-16_new,1316,1316,1.0
2016-17,odds_2016-17_new,1309,1305,0.9992337164750957
2017-18,odds_2017-18_new,1312,1312,0.9992378048780488
2018-19,odds_2018-19_new,1312,1312,1.0
2019-20,odds_2019-20_new,1143,1143,1.0
2020-21,odds_2020-21_new,1171,1170,1.0
2021-22,odds_2021-22_new,1323,1322,1.0
2022-23,odds_2022-23_new,1319,1318,1.0
2023-24,2023-24,1255,1252,1.0
2023-24,odds_2023-24_new,1195,1194,0.9966499162479062
2024-25,2024-25,1326,1315,0.9984790874524715
2025-26,odds_2025-26,554,550,1.0
