feature,rank,mean_abs_shap
win_pct_home,1,0.19688118
win_pct_away,2,0.16134848
home_win_pct_at_home,3,0.1425482
away_win_pct_on_road,4,0.113563694
2P%_diff,5,0.112989545
FG%_diff,6,0.06403421
DRB_diff,7,0.047569323
BLK_diff,8,0.035674296
TOV_diff,9,0.03323496
STL_diff,10,0.032027654
rest_days_away,11,0.030440416
FT%_diff,12,0.027081085
3P%_diff,13,0.02493722
b2b_away,14,0.013973365
PF_diff,15,0.01162422
AST_diff,16,0.008864556
ORB_diff,17,0.0062927133
rest_days_home,18,0.0042198594
b2b_home,19,0.00086319324
