SEASON,games,home_b2b_share,away_b2b_share,any_b2b_share,b2b_team_games_per_team
2012-13,1279,0.12431587177482409,0.31039874902267395,0.36512900703674744,18.533333333333335
2013-14,1302,0.13671274961597543,0.29185867895545314,0.34715821812596004,18.6
2014-15,1291,0.13168086754453912,0.31138652207591017,0.3710302091402014,19.066666666666666
2015-16,1299,0.12702078521939955,0.28098537336412627,0.35026943802925325,17.666666666666668
2016-17,1288,0.12577639751552794,0.25388198757763975,0.3245341614906832,16.3
2017-18,1296,0.11188271604938271,0.22067901234567902,0.2924382716049383,14.366666666666667
2018-19,1296,0.11728395061728394,0.18904320987654322,0.26774691358024694,13.233333333333333
2019-20,1127,0.11091393078970718,0.16770186335403728,0.2502218278615794,10.466666666666667
2020-21,1141,0.19193689745836984,0.2077125328659071,0.3409290096406661,15.2
2021-22,1306,0.13476263399693722,0.1891271056661562,0.2886676875957121,14.1
2022-23,1304,0.125,0.18251533742331288,0.26533742331288346,13.366666666666667
2023-24,1178,0.16044142614601017,0.17232597623089982,0.2903225806451613,13.066666666666666
2024-25,1299,0.17013086989992302,0.1762894534257121,0.29176289453425713,15.0
2025-26,534,0.17228464419475656,0.18164794007490637,0.29775280898876405,6.3
