TEAM_ID,TEAM_ABBREVIATION,arena,latitude,longitude,tz,valid_from,valid_to
1610612737,ATL,State Farm Arena (Philips Arena),33.7573,-84.3963,America/New_York,,
1610612738,BOS,TD Garden,42.3662,-71.0621,America/New_York,,
1610612739,CLE,Rocket Mortgage FieldHouse (Quicken Loans Arena),41.4965,-81.6882,America/New_York,,
1610612740,NOP,Smoothie King Center (New Orleans Arena),29.9490,-90.0821,America/Chicago,,
1610612741,CHI,United Center,41.8807,-87.6742,America/Chicago,,
1610612742,DAL,American Airlines Center,32.7905,-96.8103,America/Chicago,,
1610612743,DEN,Ball Arena (Pepsi Center),39.7487,-105.0077,America/Denver,,
1610612744,GSW,Oracle Arena (Oakland),37.7503,-122.2030,America/Los_Angeles,,2019-06-30
1610612744,GSW,Chase Center (San Francisco),37.7680,-122.3877,America/Los_Angeles,2019-07-01,
1610612745,HOU,Toyota Center,29.7508,-95.3621,America/Chicago,,
1610612746,LAC,Crypto.com Arena (Staples Center),34.0430,-118.2673,America/Los_Angeles,,2024-06-30
1610612746,LAC,Intuit Dome (Inglewood),33.9447,-118.3417,America/Los_Angeles,2024-07-01,
1610612747,LAL,Crypto.com Arena (Staples Center),34.0430,-118.2673,America/Los_Angeles,,
1610612748,MIA,Kaseya Center (American Airlines Arena),25.7814,-80.1870,America/New_York,,
1610612749,MIL,BMO Harris Bradley Center,43.0436,-87.9172,America/Chicago,,2018-06-30
1610612749,MIL,Fiserv Forum,43.0451,-87.9172,America/Chicago,2018-07-01,
1610612750,MIN,Target Center,44.9795,-93.2761,America/Chicago,,
1610612751,BKN,Barclays Center,40.6826,-73.9754,America/New_York,,
1610612752,NYK,Madison Square Garden,40.7505,-73.9934,America/New_York,,
1610612753,ORL,Kia Center (Amway Center),28.5392,-81.3839,America/New_York,,
1610612754,IND,Gainbridge Fieldhouse (Bankers Life Fieldhouse),39.7640,-86.1555,America/Indiana/Indianapolis,,
1610612755,PHI,Wells Fargo Center,39.9012,-75.1720,America/New_York,,
1610612756,PHX,Footprint Center (Talking Stick Resort Arena),33.4457,-112.0712,America/Phoenix,,
1610612757,POR,Moda Center,45.5316,-122.6668,America/Los_Angeles,,
1610612758,SAC,Sleep Train Arena (Natomas),38.6491,-121.5180,America/Los_Angeles,,2016-06-30
1610612758,SAC,Golden 1 Center,38.5802,-121.4997,America/Los_Angeles,2016-07-01,
1610612759,SAS,Frost Bank Center (AT&T Center),29.4270,-98.4375,America/Chicago,,
1610612760,OKC,Paycom Center (Chesapeake Energy Arena),35.4634,-97.5151,America/Chicago,,
1610612761,TOR,Scotiabank Arena (Air Canada Centre),43.6435,-79.3791,America/Toronto,,2020-11-30
1610612761,TOR,Amalie Arena (Tampa; 2020-21 home games),27.9427,-82.4518,America/New_York,2020-12-01,2021-07-31
1610612761,TOR,Scotiabank Arena (Air Canada Centre),43.6435,-79.3791,America/Toronto,2021-08-01,
1610612762,UTA,Delta Center (Vivint Arena),40.7683,-111.9011,America/Denver,,
1610612763,MEM,FedExForum,35.1382,-90.0506,America/Chicago,,
1610612764,WAS,Capital One Arena (Verizon Center),38.8981,-77.0209,America/New_York,,
1610612765,DET,The Palace of Auburn Hills,42.6968,-83.2456,America/Detroit,,2017-06-30
1610612765,DET,Little Caesars Arena,42.3410,-83.0552,America/Detroit,2017-07-01,
1610612766,CHA,Spectrum Center (Time Warner Cable Arena),35.2251,-80.8392,America/New_York,,
