GAME_DATE,TEAM_A,TEAM_B,event
2013-01-17,NYK,DET,NBA Global Games (international)
2014-01-16,BKN,ATL,NBA Global Games (international)
2014-11-12,HOU,MIN,NBA Global Games (international)
2015-01-15,NYK,MIL,NBA Global Games (international)
2015-12-03,BOS,SAC,NBA Global Games (international)
2016-01-14,ORL,TOR,NBA Global Games (international)
2017-01-12,IND,DEN,NBA Global Games (international)
2017-01-12,DAL,PHX,NBA Global Games (international)
2017-01-14,SAS,PHX,NBA Global Games (international)
2017-12-07,OKC,BKN,NBA Global Games (international)
2017-12-09,MIA,BKN,NBA Global Games (international)
2018-01-11,BOS,PHI,NBA Global Games (international)
2018-12-13,CHI,ORL,NBA Global Games (international)
2018-12-15,UTA,ORL,NBA Global Games (international)
2019-01-17,NYK,WAS,NBA Global Games (international)
2019-12-12,DAL,DET,NBA Global Games (international)
2019-12-14,SAS,PHX,NBA Global Games (international)
2020-01-24,MIL,CHA,NBA Global Games (international)
2022-12-17,MIA,SAS,NBA Global Games (international)
2023-01-19,CHI,DET,NBA Global Games (international)
2023-11-09,ORL,ATL,NBA Global Games (international)
2024-01-11,BKN,CLE,NBA Global Games (international)
2023-12-07,IND,MIL,2023 In-Season Tournament semifinal (Las Vegas)
2023-12-07,LAL,NOP,2023 In-Season Tournament semifinal (Las Vegas)
